local_path,public_url,size_bytes,status
character-creation/data/HHGFqJwWoAA_aF-.webp,https://godot-forge.sgp1.digitaloceanspaces.com/2d-game-development/character-creation/data/HHGFqJwWoAA_aF-.webp,71676,public
character-creation/data/ember-sage-gait-v2.png,https://godot-forge.sgp1.digitaloceanspaces.com/2d-game-development/character-creation/data/ember-sage-gait-v2.png,1351102,public
character-creation/data/ember-sage-sprite-sheet-fixed.png,https://godot-forge.sgp1.digitaloceanspaces.com/2d-game-development/character-creation/data/ember-sage-sprite-sheet-fixed.png,2101263,public
character-creation/data/ember-sage-sprite-sheet-v2.png,https://godot-forge.sgp1.digitaloceanspaces.com/2d-game-development/character-creation/data/ember-sage-sprite-sheet-v2.png,2777168,public
character-creation/data/gait-pose-guide.png,https://godot-forge.sgp1.digitaloceanspaces.com/2d-game-development/character-creation/data/gait-pose-guide.png,55882,public
character-creation/data/moon-scout-gait-v2.png,https://godot-forge.sgp1.digitaloceanspaces.com/2d-game-development/character-creation/data/moon-scout-gait-v2.png,1378161,public
character-creation/data/moon-scout-sprite-sheet-fixed.png,https://godot-forge.sgp1.digitaloceanspaces.com/2d-game-development/character-creation/data/moon-scout-sprite-sheet-fixed.png,2436519,public
character-creation/data/moon-scout-sprite-sheet-v2.png,https://godot-forge.sgp1.digitaloceanspaces.com/2d-game-development/character-creation/data/moon-scout-sprite-sheet-v2.png,3210968,public
character-creation/data/storm-warden-gait-v2.png,https://godot-forge.sgp1.digitaloceanspaces.com/2d-game-development/character-creation/data/storm-warden-gait-v2.png,1150847,public
character-creation/data/storm-warden-reference-chroma.png,https://godot-forge.sgp1.digitaloceanspaces.com/2d-game-development/character-creation/data/storm-warden-reference-chroma.png,1467145,public
character-creation/data/storm-warden-reference.png,https://godot-forge.sgp1.digitaloceanspaces.com/2d-game-development/character-creation/data/storm-warden-reference.png,1145423,public
character-creation/data/storm-warden-sprite-sheet-fixed.png,https://godot-forge.sgp1.digitaloceanspaces.com/2d-game-development/character-creation/data/storm-warden-sprite-sheet-fixed.png,2152403,public
character-creation/data/storm-warden-sprite-sheet-v2.png,https://godot-forge.sgp1.digitaloceanspaces.com/2d-game-development/character-creation/data/storm-warden-sprite-sheet-v2.png,2615037,public
character-creation/data/storm-warden-sprite-sheet.png,https://godot-forge.sgp1.digitaloceanspaces.com/2d-game-development/character-creation/data/storm-warden-sprite-sheet.png,2029175,public
credits/images/boar-charge.png,https://godot-forge.sgp1.digitaloceanspaces.com/2d-game-development/credits/images/boar-charge.png,2641299,public
credits/images/boar-charge.webp,https://godot-forge.sgp1.digitaloceanspaces.com/2d-game-development/credits/images/boar-charge.webp,233344,public
credits/images/canopy-leap.png,https://godot-forge.sgp1.digitaloceanspaces.com/2d-game-development/credits/images/canopy-leap.png,2830438,public
credits/images/canopy-leap.webp,https://godot-forge.sgp1.digitaloceanspaces.com/2d-game-development/credits/images/canopy-leap.webp,292548,public
credits/images/crystal-spring.png,https://godot-forge.sgp1.digitaloceanspaces.com/2d-game-development/credits/images/crystal-spring.png,2661636,public
credits/images/crystal-spring.webp,https://godot-forge.sgp1.digitaloceanspaces.com/2d-game-development/credits/images/crystal-spring.webp,233600,public
credits/images/grove-bridge.png,https://godot-forge.sgp1.digitaloceanspaces.com/2d-game-development/credits/images/grove-bridge.png,2807945,public
credits/images/grove-bridge.webp,https://godot-forge.sgp1.digitaloceanspaces.com/2d-game-development/credits/images/grove-bridge.webp,270820,public
credits/images/guardian-encounter.png,https://godot-forge.sgp1.digitaloceanspaces.com/2d-game-development/credits/images/guardian-encounter.png,2833752,public
credits/images/guardian-encounter.webp,https://godot-forge.sgp1.digitaloceanspaces.com/2d-game-development/credits/images/guardian-encounter.webp,262946,public
credits/images/heart-tree.png,https://godot-forge.sgp1.digitaloceanspaces.com/2d-game-development/credits/images/heart-tree.png,2731699,public
credits/images/heart-tree.webp,https://godot-forge.sgp1.digitaloceanspaces.com/2d-game-development/credits/images/heart-tree.webp,251972,public
enemies-ai/images/mossback-boar.png,https://godot-forge.sgp1.digitaloceanspaces.com/2d-game-development/enemies-ai/images/mossback-boar.png,1675684,public
enemies-ai/images/thornling.png,https://godot-forge.sgp1.digitaloceanspaces.com/2d-game-development/enemies-ai/images/thornling.png,1701372,public
game-achievement/images/forest-arena.webp,https://godot-forge.sgp1.digitaloceanspaces.com/2d-game-development/game-achievement/images/forest-arena.webp,307080,public
game-achievement/images/gold-badge.webp,https://godot-forge.sgp1.digitaloceanspaces.com/2d-game-development/game-achievement/images/gold-badge.webp,64784,public
game-achievement/images/gold-coin.webp,https://godot-forge.sgp1.digitaloceanspaces.com/2d-game-development/game-achievement/images/gold-coin.webp,20524,public
game-achievement/images/heart-badge.webp,https://godot-forge.sgp1.digitaloceanspaces.com/2d-game-development/game-achievement/images/heart-badge.webp,78460,public
game-achievement/images/heart-pickup.webp,https://godot-forge.sgp1.digitaloceanspaces.com/2d-game-development/game-achievement/images/heart-pickup.webp,10228,public
game-controls/images/training-dummy.webp,https://godot-forge.sgp1.digitaloceanspaces.com/2d-game-development/game-controls/images/training-dummy.webp,51708,public
game-ending-cutscene/images/dialogue-portraits.png,https://godot-forge.sgp1.digitaloceanspaces.com/2d-game-development/game-ending-cutscene/images/dialogue-portraits.png,2475229,public
game-ending-cutscene/images/dialogue-portraits.webp,https://godot-forge.sgp1.digitaloceanspaces.com/2d-game-development/game-ending-cutscene/images/dialogue-portraits.webp,317968,public
game-ending-cutscene/images/ending-awaken.png,https://godot-forge.sgp1.digitaloceanspaces.com/2d-game-development/game-ending-cutscene/images/ending-awaken.png,2564555,public
game-ending-cutscene/images/ending-awaken.webp,https://godot-forge.sgp1.digitaloceanspaces.com/2d-game-development/game-ending-cutscene/images/ending-awaken.webp,343564,public
game-ending-cutscene/images/ending-dormant.png,https://godot-forge.sgp1.digitaloceanspaces.com/2d-game-development/game-ending-cutscene/images/ending-dormant.png,2116131,public
game-ending-cutscene/images/ending-dormant.webp,https://godot-forge.sgp1.digitaloceanspaces.com/2d-game-development/game-ending-cutscene/images/ending-dormant.webp,232538,public
game-ending-cutscene/images/final-boss-comic.png,https://godot-forge.sgp1.digitaloceanspaces.com/2d-game-development/game-ending-cutscene/images/final-boss-comic.png,2460307,public
game-ending-cutscene/images/final-boss-comic.webp,https://godot-forge.sgp1.digitaloceanspaces.com/2d-game-development/game-ending-cutscene/images/final-boss-comic.webp,319622,public
game-ending-cutscene/images/shrine-choice.png,https://godot-forge.sgp1.digitaloceanspaces.com/2d-game-development/game-ending-cutscene/images/shrine-choice.png,2044026,public
game-ending-cutscene/images/shrine-choice.webp,https://godot-forge.sgp1.digitaloceanspaces.com/2d-game-development/game-ending-cutscene/images/shrine-choice.webp,228268,public
game-leaderboard/images/dusk-arena.webp,https://godot-forge.sgp1.digitaloceanspaces.com/2d-game-development/game-leaderboard/images/dusk-arena.webp,234422,public
game-leaderboard/images/leaderboard-crest.webp,https://godot-forge.sgp1.digitaloceanspaces.com/2d-game-development/game-leaderboard/images/leaderboard-crest.webp,171900,public
game-physics/images/boulder.webp,https://godot-forge.sgp1.digitaloceanspaces.com/2d-game-development/game-physics/images/boulder.webp,83394,public
game-physics/images/forest-pool.webp,https://godot-forge.sgp1.digitaloceanspaces.com/2d-game-development/game-physics/images/forest-pool.webp,274006,public
game-physics/images/swimmer.webp,https://godot-forge.sgp1.digitaloceanspaces.com/2d-game-development/game-physics/images/swimmer.webp,62792,public
game-physics/images/water-splash.webp,https://godot-forge.sgp1.digitaloceanspaces.com/2d-game-development/game-physics/images/water-splash.webp,144138,public
game-settings/images/forest-hud-icons.png,https://godot-forge.sgp1.digitaloceanspaces.com/2d-game-development/game-settings/images/forest-hud-icons.png,1180114,public
items-spawning/images/forest-pickups.png,https://godot-forge.sgp1.digitaloceanspaces.com/2d-game-development/items-spawning/images/forest-pickups.png,660016,public
items-spawning/images/forest-sword-explorer.png,https://godot-forge.sgp1.digitaloceanspaces.com/2d-game-development/items-spawning/images/forest-sword-explorer.png,2738612,public
items-spawning/images/grove-brute-sprites.png,https://godot-forge.sgp1.digitaloceanspaces.com/2d-game-development/items-spawning/images/grove-brute-sprites.png,1272791,public
marketplace-system/images/emerald-ring.png,https://godot-forge.sgp1.digitaloceanspaces.com/2d-game-development/marketplace-system/images/emerald-ring.png,1171850,public
marketplace-system/images/emerald-ring.webp,https://godot-forge.sgp1.digitaloceanspaces.com/2d-game-development/marketplace-system/images/emerald-ring.webp,31458,public
marketplace-system/images/heartseed-necklace.png,https://godot-forge.sgp1.digitaloceanspaces.com/2d-game-development/marketplace-system/images/heartseed-necklace.png,758193,public
marketplace-system/images/heartseed-necklace.webp,https://godot-forge.sgp1.digitaloceanspaces.com/2d-game-development/marketplace-system/images/heartseed-necklace.webp,24398,public
marketplace-system/images/leafsteel-sword.png,https://godot-forge.sgp1.digitaloceanspaces.com/2d-game-development/marketplace-system/images/leafsteel-sword.png,830853,public
marketplace-system/images/leafsteel-sword.webp,https://godot-forge.sgp1.digitaloceanspaces.com/2d-game-development/marketplace-system/images/leafsteel-sword.webp,20812,public
marketplace-system/images/mossweave-armor.png,https://godot-forge.sgp1.digitaloceanspaces.com/2d-game-development/marketplace-system/images/mossweave-armor.png,1879999,public
marketplace-system/images/mossweave-armor.webp,https://godot-forge.sgp1.digitaloceanspaces.com/2d-game-development/marketplace-system/images/mossweave-armor.webp,42084,public
output/imagegen/parallax/explorer-jump-v1.png,https://godot-forge.sgp1.digitaloceanspaces.com/2d-game-development/output/imagegen/parallax/explorer-jump-v1.png,2141687,public
output/imagegen/parallax/explorer-walk-run-v1.png,https://godot-forge.sgp1.digitaloceanspaces.com/2d-game-development/output/imagegen/parallax/explorer-walk-run-v1.png,1674488,public
output/imagegen/parallax/explorer-walk-run-v2.png,https://godot-forge.sgp1.digitaloceanspaces.com/2d-game-development/output/imagegen/parallax/explorer-walk-run-v2.png,2246193,public
output/imagegen/parallax/parallax-far.png,https://godot-forge.sgp1.digitaloceanspaces.com/2d-game-development/output/imagegen/parallax/parallax-far.png,2602431,public
output/imagegen/parallax/parallax-midground.png,https://godot-forge.sgp1.digitaloceanspaces.com/2d-game-development/output/imagegen/parallax/parallax-midground.png,2060553,public
output/imagegen/parallax/practice-explorer.png,https://godot-forge.sgp1.digitaloceanspaces.com/2d-game-development/output/imagegen/parallax/practice-explorer.png,1095418,public
output/imagegen/parallax/practice-tiles-props.png,https://godot-forge.sgp1.digitaloceanspaces.com/2d-game-development/output/imagegen/parallax/practice-tiles-props.png,1659083,public
output/imagegen/physics-boulder.png,https://godot-forge.sgp1.digitaloceanspaces.com/2d-game-development/output/imagegen/physics-boulder.png,1596204,public
output/imagegen/physics-forest-pool.png,https://godot-forge.sgp1.digitaloceanspaces.com/2d-game-development/output/imagegen/physics-forest-pool.png,2608161,public
output/imagegen/physics-swimmer.png,https://godot-forge.sgp1.digitaloceanspaces.com/2d-game-development/output/imagegen/physics-swimmer.png,832167,public
output/imagegen/physics-water-splash.png,https://godot-forge.sgp1.digitaloceanspaces.com/2d-game-development/output/imagegen/physics-water-splash.png,1169551,public
output/imagegen/training-dummy.png,https://godot-forge.sgp1.digitaloceanspaces.com/2d-game-development/output/imagegen/training-dummy.png,1304100,public
parallax-tiling-map/images/originals/parallax-far.png,https://godot-forge.sgp1.digitaloceanspaces.com/2d-game-development/parallax-tiling-map/images/originals/parallax-far.png,2602431,public
parallax-tiling-map/images/originals/parallax-midground.png,https://godot-forge.sgp1.digitaloceanspaces.com/2d-game-development/parallax-tiling-map/images/originals/parallax-midground.png,2060553,public
parallax-tiling-map/images/originals/practice-explorer-jump.png,https://godot-forge.sgp1.digitaloceanspaces.com/2d-game-development/parallax-tiling-map/images/originals/practice-explorer-jump.png,2141687,public
parallax-tiling-map/images/originals/practice-explorer-motion-sheet-v2.png,https://godot-forge.sgp1.digitaloceanspaces.com/2d-game-development/parallax-tiling-map/images/originals/practice-explorer-motion-sheet-v2.png,529685,public
parallax-tiling-map/images/originals/practice-explorer-motion-sheet.png,https://godot-forge.sgp1.digitaloceanspaces.com/2d-game-development/parallax-tiling-map/images/originals/practice-explorer-motion-sheet.png,296257,public
parallax-tiling-map/images/originals/practice-explorer-walk-run.png,https://godot-forge.sgp1.digitaloceanspaces.com/2d-game-development/parallax-tiling-map/images/originals/practice-explorer-walk-run.png,2246193,public
parallax-tiling-map/images/originals/practice-explorer.png,https://godot-forge.sgp1.digitaloceanspaces.com/2d-game-development/parallax-tiling-map/images/originals/practice-explorer.png,1095418,public
parallax-tiling-map/images/originals/practice-tiles-props.png,https://godot-forge.sgp1.digitaloceanspaces.com/2d-game-development/parallax-tiling-map/images/originals/practice-tiles-props.png,1659083,public
parallax-tiling-map/images/parallax-far.webp,https://godot-forge.sgp1.digitaloceanspaces.com/2d-game-development/parallax-tiling-map/images/parallax-far.webp,181506,public
parallax-tiling-map/images/parallax-midground.webp,https://godot-forge.sgp1.digitaloceanspaces.com/2d-game-development/parallax-tiling-map/images/parallax-midground.webp,243292,public
parallax-tiling-map/images/practice-explorer-motion-v2.webp,https://godot-forge.sgp1.digitaloceanspaces.com/2d-game-development/parallax-tiling-map/images/practice-explorer-motion-v2.webp,221998,public
parallax-tiling-map/images/practice-explorer-motion.webp,https://godot-forge.sgp1.digitaloceanspaces.com/2d-game-development/parallax-tiling-map/images/practice-explorer-motion.webp,135150,public
parallax-tiling-map/images/practice-explorer.webp,https://godot-forge.sgp1.digitaloceanspaces.com/2d-game-development/parallax-tiling-map/images/practice-explorer.webp,13104,public
parallax-tiling-map/images/practice-tiles-props.webp,https://godot-forge.sgp1.digitaloceanspaces.com/2d-game-development/parallax-tiling-map/images/practice-tiles-props.webp,323602,public
storyline-engine/images/dialogue-bubble-key-v1.png,https://godot-forge.sgp1.digitaloceanspaces.com/2d-game-development/storyline-engine/images/dialogue-bubble-key-v1.png,1234289,public
storyline-engine/images/dialogue-bubble-stage.webp,https://godot-forge.sgp1.digitaloceanspaces.com/2d-game-development/storyline-engine/images/dialogue-bubble-stage.webp,23432,public
storyline-engine/images/dialogue-bubble-v1.png,https://godot-forge.sgp1.digitaloceanspaces.com/2d-game-development/storyline-engine/images/dialogue-bubble-v1.png,305797,public
storyline-engine/images/explorer-key-v1.png,https://godot-forge.sgp1.digitaloceanspaces.com/2d-game-development/storyline-engine/images/explorer-key-v1.png,994776,public
storyline-engine/images/explorer-stage.webp,https://godot-forge.sgp1.digitaloceanspaces.com/2d-game-development/storyline-engine/images/explorer-stage.webp,18630,public
storyline-engine/images/explorer-v1.png,https://godot-forge.sgp1.digitaloceanspaces.com/2d-game-development/storyline-engine/images/explorer-v1.png,410951,public
storyline-engine/images/grove-drought-stage.webp,https://godot-forge.sgp1.digitaloceanspaces.com/2d-game-development/storyline-engine/images/grove-drought-stage.webp,168696,public
storyline-engine/images/grove-drought-v1.png,https://godot-forge.sgp1.digitaloceanspaces.com/2d-game-development/storyline-engine/images/grove-drought-v1.png,3054958,public
storyline-engine/images/grove-flood-stage.webp,https://godot-forge.sgp1.digitaloceanspaces.com/2d-game-development/storyline-engine/images/grove-flood-stage.webp,180724,public
storyline-engine/images/grove-flood-v1.png,https://godot-forge.sgp1.digitaloceanspaces.com/2d-game-development/storyline-engine/images/grove-flood-v1.png,3097878,public
storyline-engine/images/grove-restored-stage.webp,https://godot-forge.sgp1.digitaloceanspaces.com/2d-game-development/storyline-engine/images/grove-restored-stage.webp,174192,public
storyline-engine/images/grove-restored-v1.png,https://godot-forge.sgp1.digitaloceanspaces.com/2d-game-development/storyline-engine/images/grove-restored-v1.png,2926175,public
storyline-engine/images/guardian-key-v1.png,https://godot-forge.sgp1.digitaloceanspaces.com/2d-game-development/storyline-engine/images/guardian-key-v1.png,1528244,public
storyline-engine/images/guardian-stage.webp,https://godot-forge.sgp1.digitaloceanspaces.com/2d-game-development/storyline-engine/images/guardian-stage.webp,40024,public
storyline-engine/images/guardian-v1.png,https://godot-forge.sgp1.digitaloceanspaces.com/2d-game-development/storyline-engine/images/guardian-v1.png,1109234,public
tmp/physics-desktop.png,https://godot-forge.sgp1.digitaloceanspaces.com/2d-game-development/tmp/physics-desktop.png,1275114,public
tmp/physics-mobile.png,https://godot-forge.sgp1.digitaloceanspaces.com/2d-game-development/tmp/physics-mobile.png,378358,public
tmp/physics-splash-stage.png,https://godot-forge.sgp1.digitaloceanspaces.com/2d-game-development/tmp/physics-splash-stage.png,933672,public
tmp/physics-splash.png,https://godot-forge.sgp1.digitaloceanspaces.com/2d-game-development/tmp/physics-splash.png,881475,public
tmp/physics-swimmer-ready.png,https://godot-forge.sgp1.digitaloceanspaces.com/2d-game-development/tmp/physics-swimmer-ready.png,930877,public
tmp/physics-swimmer-splash.png,https://godot-forge.sgp1.digitaloceanspaces.com/2d-game-development/tmp/physics-swimmer-splash.png,924171,public
tmp/swimmer-freestyle-forward.png,https://godot-forge.sgp1.digitaloceanspaces.com/2d-game-development/tmp/swimmer-freestyle-forward.png,922427,public
tmp/swimmer-freestyle-recovery.png,https://godot-forge.sgp1.digitaloceanspaces.com/2d-game-development/tmp/swimmer-freestyle-recovery.png,925374,public
tmp/swimmer-idle.png,https://godot-forge.sgp1.digitaloceanspaces.com/2d-game-development/tmp/swimmer-idle.png,931115,public
tmp/swimmer-opposite-hands.png,https://godot-forge.sgp1.digitaloceanspaces.com/2d-game-development/tmp/swimmer-opposite-hands.png,1314185,public
tmp/swimmer-stroke-full.png,https://godot-forge.sgp1.digitaloceanspaces.com/2d-game-development/tmp/swimmer-stroke-full.png,925565,public
tmp/swimmer-stroke-half.png,https://godot-forge.sgp1.digitaloceanspaces.com/2d-game-development/tmp/swimmer-stroke-half.png,922402,public
tutorial-web-app/images/module-icons/boss-creation.webp,https://godot-forge.sgp1.digitaloceanspaces.com/2d-game-development/tutorial-web-app/images/module-icons/boss-creation.webp,26928,public
tutorial-web-app/images/module-icons/character-creation.webp,https://godot-forge.sgp1.digitaloceanspaces.com/2d-game-development/tutorial-web-app/images/module-icons/character-creation.webp,20260,public
tutorial-web-app/images/module-icons/credits.webp,https://godot-forge.sgp1.digitaloceanspaces.com/2d-game-development/tutorial-web-app/images/module-icons/credits.webp,19420,public
tutorial-web-app/images/module-icons/enemies-ai.webp,https://godot-forge.sgp1.digitaloceanspaces.com/2d-game-development/tutorial-web-app/images/module-icons/enemies-ai.webp,20976,public
tutorial-web-app/images/module-icons/final-game.webp,https://godot-forge.sgp1.digitaloceanspaces.com/2d-game-development/tutorial-web-app/images/module-icons/final-game.webp,22554,public
tutorial-web-app/images/module-icons/game-achievement.webp,https://godot-forge.sgp1.digitaloceanspaces.com/2d-game-development/tutorial-web-app/images/module-icons/game-achievement.webp,18234,public
tutorial-web-app/images/module-icons/game-assets-creation.webp,https://godot-forge.sgp1.digitaloceanspaces.com/2d-game-development/tutorial-web-app/images/module-icons/game-assets-creation.webp,25500,public
tutorial-web-app/images/module-icons/game-controls.webp,https://godot-forge.sgp1.digitaloceanspaces.com/2d-game-development/tutorial-web-app/images/module-icons/game-controls.webp,16246,public
tutorial-web-app/images/module-icons/game-ending-cutscene.webp,https://godot-forge.sgp1.digitaloceanspaces.com/2d-game-development/tutorial-web-app/images/module-icons/game-ending-cutscene.webp,18992,public
tutorial-web-app/images/module-icons/game-leaderboard.webp,https://godot-forge.sgp1.digitaloceanspaces.com/2d-game-development/tutorial-web-app/images/module-icons/game-leaderboard.webp,16612,public
tutorial-web-app/images/module-icons/game-loop-engine.webp,https://godot-forge.sgp1.digitaloceanspaces.com/2d-game-development/tutorial-web-app/images/module-icons/game-loop-engine.webp,25102,public
tutorial-web-app/images/module-icons/game-physics.webp,https://godot-forge.sgp1.digitaloceanspaces.com/2d-game-development/tutorial-web-app/images/module-icons/game-physics.webp,17770,public
tutorial-web-app/images/module-icons/game-settings.webp,https://godot-forge.sgp1.digitaloceanspaces.com/2d-game-development/tutorial-web-app/images/module-icons/game-settings.webp,16334,public
tutorial-web-app/images/module-icons/items-spawning.webp,https://godot-forge.sgp1.digitaloceanspaces.com/2d-game-development/tutorial-web-app/images/module-icons/items-spawning.webp,15194,public
tutorial-web-app/images/module-icons/local-coop-multiplayer.webp,https://godot-forge.sgp1.digitaloceanspaces.com/2d-game-development/tutorial-web-app/images/module-icons/local-coop-multiplayer.webp,19692,public
tutorial-web-app/images/module-icons/local-coop.webp,https://godot-forge.sgp1.digitaloceanspaces.com/2d-game-development/tutorial-web-app/images/module-icons/local-coop.webp,34620,public
tutorial-web-app/images/module-icons/marketplace-system.webp,https://godot-forge.sgp1.digitaloceanspaces.com/2d-game-development/tutorial-web-app/images/module-icons/marketplace-system.webp,21424,public
tutorial-web-app/images/module-icons/math-stem-physics-quiz.webp,https://godot-forge.sgp1.digitaloceanspaces.com/2d-game-development/tutorial-web-app/images/module-icons/math-stem-physics-quiz.webp,19872,public
tutorial-web-app/images/module-icons/multiplayer-game.webp,https://godot-forge.sgp1.digitaloceanspaces.com/2d-game-development/tutorial-web-app/images/module-icons/multiplayer-game.webp,29534,public
tutorial-web-app/images/module-icons/originals/boss-creation.png,https://godot-forge.sgp1.digitaloceanspaces.com/2d-game-development/tutorial-web-app/images/module-icons/originals/boss-creation.png,1831956,public
tutorial-web-app/images/module-icons/originals/character-creation.png,https://godot-forge.sgp1.digitaloceanspaces.com/2d-game-development/tutorial-web-app/images/module-icons/originals/character-creation.png,1432986,public
tutorial-web-app/images/module-icons/originals/credits.png,https://godot-forge.sgp1.digitaloceanspaces.com/2d-game-development/tutorial-web-app/images/module-icons/originals/credits.png,1325203,public
tutorial-web-app/images/module-icons/originals/enemies-ai.png,https://godot-forge.sgp1.digitaloceanspaces.com/2d-game-development/tutorial-web-app/images/module-icons/originals/enemies-ai.png,1486948,public
tutorial-web-app/images/module-icons/originals/final-game.png,https://godot-forge.sgp1.digitaloceanspaces.com/2d-game-development/tutorial-web-app/images/module-icons/originals/final-game.png,1302281,public
tutorial-web-app/images/module-icons/originals/game-achievement.png,https://godot-forge.sgp1.digitaloceanspaces.com/2d-game-development/tutorial-web-app/images/module-icons/originals/game-achievement.png,1388561,public
tutorial-web-app/images/module-icons/originals/game-assets-creation.png,https://godot-forge.sgp1.digitaloceanspaces.com/2d-game-development/tutorial-web-app/images/module-icons/originals/game-assets-creation.png,1396141,public
tutorial-web-app/images/module-icons/originals/game-controls.png,https://godot-forge.sgp1.digitaloceanspaces.com/2d-game-development/tutorial-web-app/images/module-icons/originals/game-controls.png,1244833,public
tutorial-web-app/images/module-icons/originals/game-ending-cutscene.png,https://godot-forge.sgp1.digitaloceanspaces.com/2d-game-development/tutorial-web-app/images/module-icons/originals/game-ending-cutscene.png,1452533,public
tutorial-web-app/images/module-icons/originals/game-leaderboard.png,https://godot-forge.sgp1.digitaloceanspaces.com/2d-game-development/tutorial-web-app/images/module-icons/originals/game-leaderboard.png,1098713,public
tutorial-web-app/images/module-icons/originals/game-loop-engine.png,https://godot-forge.sgp1.digitaloceanspaces.com/2d-game-development/tutorial-web-app/images/module-icons/originals/game-loop-engine.png,1726795,public
tutorial-web-app/images/module-icons/originals/game-physics.png,https://godot-forge.sgp1.digitaloceanspaces.com/2d-game-development/tutorial-web-app/images/module-icons/originals/game-physics.png,994074,public
tutorial-web-app/images/module-icons/originals/game-settings.png,https://godot-forge.sgp1.digitaloceanspaces.com/2d-game-development/tutorial-web-app/images/module-icons/originals/game-settings.png,1208412,public
tutorial-web-app/images/module-icons/originals/items-spawning.png,https://godot-forge.sgp1.digitaloceanspaces.com/2d-game-development/tutorial-web-app/images/module-icons/originals/items-spawning.png,1133229,public
tutorial-web-app/images/module-icons/originals/local-coop-multiplayer.png,https://godot-forge.sgp1.digitaloceanspaces.com/2d-game-development/tutorial-web-app/images/module-icons/originals/local-coop-multiplayer.png,1168234,public
tutorial-web-app/images/module-icons/originals/local-coop.png,https://godot-forge.sgp1.digitaloceanspaces.com/2d-game-development/tutorial-web-app/images/module-icons/originals/local-coop.png,1128778,public
tutorial-web-app/images/module-icons/originals/marketplace-system.png,https://godot-forge.sgp1.digitaloceanspaces.com/2d-game-development/tutorial-web-app/images/module-icons/originals/marketplace-system.png,1376775,public
tutorial-web-app/images/module-icons/originals/math-stem-physics-quiz.png,https://godot-forge.sgp1.digitaloceanspaces.com/2d-game-development/tutorial-web-app/images/module-icons/originals/math-stem-physics-quiz.png,1260811,public
tutorial-web-app/images/module-icons/originals/multiplayer-game.png,https://godot-forge.sgp1.digitaloceanspaces.com/2d-game-development/tutorial-web-app/images/module-icons/originals/multiplayer-game.png,999326,public
tutorial-web-app/images/module-icons/originals/parallax-tiling-map.png,https://godot-forge.sgp1.digitaloceanspaces.com/2d-game-development/tutorial-web-app/images/module-icons/originals/parallax-tiling-map.png,1025806,public
tutorial-web-app/images/module-icons/originals/setup-godot-with-ai.png,https://godot-forge.sgp1.digitaloceanspaces.com/2d-game-development/tutorial-web-app/images/module-icons/originals/setup-godot-with-ai.png,1109276,public
tutorial-web-app/images/module-icons/originals/storyline-engine.png,https://godot-forge.sgp1.digitaloceanspaces.com/2d-game-development/tutorial-web-app/images/module-icons/originals/storyline-engine.png,1114419,public
tutorial-web-app/images/module-icons/parallax-tiling-map.webp,https://godot-forge.sgp1.digitaloceanspaces.com/2d-game-development/tutorial-web-app/images/module-icons/parallax-tiling-map.webp,15850,public
tutorial-web-app/images/module-icons/setup-godot-with-ai.webp,https://godot-forge.sgp1.digitaloceanspaces.com/2d-game-development/tutorial-web-app/images/module-icons/setup-godot-with-ai.webp,16456,public
tutorial-web-app/images/module-icons/storyline-engine.webp,https://godot-forge.sgp1.digitaloceanspaces.com/2d-game-development/tutorial-web-app/images/module-icons/storyline-engine.webp,17536,public
tutorial-web-app/storage/assets/08f93184-3806-4177-a887-1aec4882cf15.png,https://godot-forge.sgp1.digitaloceanspaces.com/2d-game-development/tutorial-web-app/storage/assets/08f93184-3806-4177-a887-1aec4882cf15.png,1442594,public
tutorial-web-app/storage/assets/0a5ddea1-ee9f-429d-896a-13f40bae2328.png,https://godot-forge.sgp1.digitaloceanspaces.com/2d-game-development/tutorial-web-app/storage/assets/0a5ddea1-ee9f-429d-896a-13f40bae2328.png,1180114,public
tutorial-web-app/storage/assets/0d2e9ae6-b34d-4a6f-bcbb-5d3db57a5750.png,https://godot-forge.sgp1.digitaloceanspaces.com/2d-game-development/tutorial-web-app/storage/assets/0d2e9ae6-b34d-4a6f-bcbb-5d3db57a5750.png,1270684,public
tutorial-web-app/storage/assets/0f7b6ec9-b4e3-4bb0-96c8-f94ac672cfbe.png,https://godot-forge.sgp1.digitaloceanspaces.com/2d-game-development/tutorial-web-app/storage/assets/0f7b6ec9-b4e3-4bb0-96c8-f94ac672cfbe.png,1249051,public
tutorial-web-app/storage/assets/12d7fa0f-e62d-4727-9637-d7a6901fea26.png,https://godot-forge.sgp1.digitaloceanspaces.com/2d-game-development/tutorial-web-app/storage/assets/12d7fa0f-e62d-4727-9637-d7a6901fea26.png,1445014,public
tutorial-web-app/storage/assets/1a1f0b34-9e87-4859-9907-5b6ef81db5ca.png,https://godot-forge.sgp1.digitaloceanspaces.com/2d-game-development/tutorial-web-app/storage/assets/1a1f0b34-9e87-4859-9907-5b6ef81db5ca.png,2359369,public
tutorial-web-app/storage/assets/1b887f2f-1463-49ed-8a6d-0c66dcdaccd8.png,https://godot-forge.sgp1.digitaloceanspaces.com/2d-game-development/tutorial-web-app/storage/assets/1b887f2f-1463-49ed-8a6d-0c66dcdaccd8.png,324206,public
tutorial-web-app/storage/assets/29b7178c-c654-4fdd-8888-d728c159fdf4.png,https://godot-forge.sgp1.digitaloceanspaces.com/2d-game-development/tutorial-web-app/storage/assets/29b7178c-c654-4fdd-8888-d728c159fdf4.png,2870149,public
tutorial-web-app/storage/assets/43ed6052-3388-4919-8a01-af056febb906-before-leg-fix.png,https://godot-forge.sgp1.digitaloceanspaces.com/2d-game-development/tutorial-web-app/storage/assets/43ed6052-3388-4919-8a01-af056febb906-before-leg-fix.png,2755381,public
tutorial-web-app/storage/assets/43ed6052-3388-4919-8a01-af056febb906.png,https://godot-forge.sgp1.digitaloceanspaces.com/2d-game-development/tutorial-web-app/storage/assets/43ed6052-3388-4919-8a01-af056febb906.png,2101263,public
tutorial-web-app/storage/assets/440a2120-dbd5-420d-a81f-29af8252a404-before-leg-fix.png,https://godot-forge.sgp1.digitaloceanspaces.com/2d-game-development/tutorial-web-app/storage/assets/440a2120-dbd5-420d-a81f-29af8252a404-before-leg-fix.png,2813119,public
tutorial-web-app/storage/assets/440a2120-dbd5-420d-a81f-29af8252a404.png,https://godot-forge.sgp1.digitaloceanspaces.com/2d-game-development/tutorial-web-app/storage/assets/440a2120-dbd5-420d-a81f-29af8252a404.png,2152403,public
tutorial-web-app/storage/assets/47794b6e-d780-4f73-a657-024d3940a627.png,https://godot-forge.sgp1.digitaloceanspaces.com/2d-game-development/tutorial-web-app/storage/assets/47794b6e-d780-4f73-a657-024d3940a627.png,1466861,public
tutorial-web-app/storage/assets/5ad9076b-c0e0-45eb-bfc8-0fa853427e73.png,https://godot-forge.sgp1.digitaloceanspaces.com/2d-game-development/tutorial-web-app/storage/assets/5ad9076b-c0e0-45eb-bfc8-0fa853427e73.png,1229731,public
tutorial-web-app/storage/assets/6033cc27-14ed-478e-97c0-49f77d612436.png,https://godot-forge.sgp1.digitaloceanspaces.com/2d-game-development/tutorial-web-app/storage/assets/6033cc27-14ed-478e-97c0-49f77d612436.png,1701372,public
tutorial-web-app/storage/assets/6b6e74a1-7bf3-44e1-8b38-0a6f11e1d334.png,https://godot-forge.sgp1.digitaloceanspaces.com/2d-game-development/tutorial-web-app/storage/assets/6b6e74a1-7bf3-44e1-8b38-0a6f11e1d334.png,2738612,public
tutorial-web-app/storage/assets/6df78641-3828-49f2-9f33-5cf8f4bdec1a.png,https://godot-forge.sgp1.digitaloceanspaces.com/2d-game-development/tutorial-web-app/storage/assets/6df78641-3828-49f2-9f33-5cf8f4bdec1a.png,1675684,public
tutorial-web-app/storage/assets/73527ed2-7e3b-426e-b0c4-a3e7be83ed03.png,https://godot-forge.sgp1.digitaloceanspaces.com/2d-game-development/tutorial-web-app/storage/assets/73527ed2-7e3b-426e-b0c4-a3e7be83ed03.png,2971475,public
tutorial-web-app/storage/assets/7482efd1-9738-4709-95e2-925f72e5e23c.png,https://godot-forge.sgp1.digitaloceanspaces.com/2d-game-development/tutorial-web-app/storage/assets/7482efd1-9738-4709-95e2-925f72e5e23c.png,1196227,public
tutorial-web-app/storage/assets/77ad07f2-d60b-433a-b4c3-79840883d49e.png,https://godot-forge.sgp1.digitaloceanspaces.com/2d-game-development/tutorial-web-app/storage/assets/77ad07f2-d60b-433a-b4c3-79840883d49e.png,3331385,public
tutorial-web-app/storage/assets/7fd75c12-1a99-4cb4-8a01-e663bf0319e1.png,https://godot-forge.sgp1.digitaloceanspaces.com/2d-game-development/tutorial-web-app/storage/assets/7fd75c12-1a99-4cb4-8a01-e663bf0319e1.png,2766788,public
tutorial-web-app/storage/assets/8a3a5a75-a92a-4697-8153-3c2eb8560cb7.png,https://godot-forge.sgp1.digitaloceanspaces.com/2d-game-development/tutorial-web-app/storage/assets/8a3a5a75-a92a-4697-8153-3c2eb8560cb7.png,1230617,public
tutorial-web-app/storage/assets/8c13118f-087c-4fc2-83e6-3462f38c5b1b.png,https://godot-forge.sgp1.digitaloceanspaces.com/2d-game-development/tutorial-web-app/storage/assets/8c13118f-087c-4fc2-83e6-3462f38c5b1b.png,2334013,public
tutorial-web-app/storage/assets/9d71a2e3-2d0f-46c2-b6bb-028bb2ad9121.png,https://godot-forge.sgp1.digitaloceanspaces.com/2d-game-development/tutorial-web-app/storage/assets/9d71a2e3-2d0f-46c2-b6bb-028bb2ad9121.png,1289761,public
tutorial-web-app/storage/assets/9e40a106-5ff6-489d-9b28-fc722b418194.png,https://godot-forge.sgp1.digitaloceanspaces.com/2d-game-development/tutorial-web-app/storage/assets/9e40a106-5ff6-489d-9b28-fc722b418194.png,1703945,public
tutorial-web-app/storage/assets/a973b358-0497-46e2-bf04-76e27cc73d0c.png,https://godot-forge.sgp1.digitaloceanspaces.com/2d-game-development/tutorial-web-app/storage/assets/a973b358-0497-46e2-bf04-76e27cc73d0c.png,1319240,public
tutorial-web-app/storage/assets/b4661507-79d5-4d10-9a6b-1ca19bdd32ce.png,https://godot-forge.sgp1.digitaloceanspaces.com/2d-game-development/tutorial-web-app/storage/assets/b4661507-79d5-4d10-9a6b-1ca19bdd32ce.png,1448794,public
tutorial-web-app/storage/assets/bfd60a6d-b992-4a57-89db-b88ae36bb977.png,https://godot-forge.sgp1.digitaloceanspaces.com/2d-game-development/tutorial-web-app/storage/assets/bfd60a6d-b992-4a57-89db-b88ae36bb977.png,1487047,public
tutorial-web-app/storage/assets/c3b8e836-bbda-45f4-ba2d-0bebadcfe303.png,https://godot-forge.sgp1.digitaloceanspaces.com/2d-game-development/tutorial-web-app/storage/assets/c3b8e836-bbda-45f4-ba2d-0bebadcfe303.png,327593,public
tutorial-web-app/storage/assets/c5706f68-9ffb-46f7-9b86-e2256393d23f-before-animation-fix.png,https://godot-forge.sgp1.digitaloceanspaces.com/2d-game-development/tutorial-web-app/storage/assets/c5706f68-9ffb-46f7-9b86-e2256393d23f-before-animation-fix.png,2783018,public
tutorial-web-app/storage/assets/c5706f68-9ffb-46f7-9b86-e2256393d23f-before-crossing-fix.png,https://godot-forge.sgp1.digitaloceanspaces.com/2d-game-development/tutorial-web-app/storage/assets/c5706f68-9ffb-46f7-9b86-e2256393d23f-before-crossing-fix.png,2514910,public
tutorial-web-app/storage/assets/c5706f68-9ffb-46f7-9b86-e2256393d23f.png,https://godot-forge.sgp1.digitaloceanspaces.com/2d-game-development/tutorial-web-app/storage/assets/c5706f68-9ffb-46f7-9b86-e2256393d23f.png,2436519,public
tutorial-web-app/storage/assets/c8b55773-61b6-44f4-8e93-208d809b5efd.png,https://godot-forge.sgp1.digitaloceanspaces.com/2d-game-development/tutorial-web-app/storage/assets/c8b55773-61b6-44f4-8e93-208d809b5efd.png,1187773,public
tutorial-web-app/storage/assets/cd2e94e4-c95f-4762-887c-0b29e052d0df.png,https://godot-forge.sgp1.digitaloceanspaces.com/2d-game-development/tutorial-web-app/storage/assets/cd2e94e4-c95f-4762-887c-0b29e052d0df.png,1330158,public
tutorial-web-app/storage/assets/ce5b5e21-e79b-4ba7-935e-4308a2b32cdc.png,https://godot-forge.sgp1.digitaloceanspaces.com/2d-game-development/tutorial-web-app/storage/assets/ce5b5e21-e79b-4ba7-935e-4308a2b32cdc.png,2315319,public
tutorial-web-app/storage/assets/d420bbe6-3a61-4c3b-9967-c7eb7cce7818.png,https://godot-forge.sgp1.digitaloceanspaces.com/2d-game-development/tutorial-web-app/storage/assets/d420bbe6-3a61-4c3b-9967-c7eb7cce7818.png,2636214,public
tutorial-web-app/storage/assets/da2313a9-c889-4f07-9415-28cc43abeb4c.png,https://godot-forge.sgp1.digitaloceanspaces.com/2d-game-development/tutorial-web-app/storage/assets/da2313a9-c889-4f07-9415-28cc43abeb4c.png,250375,public
tutorial-web-app/storage/assets/dc22fed4-6c25-4575-b07d-384f14d428cf.png,https://godot-forge.sgp1.digitaloceanspaces.com/2d-game-development/tutorial-web-app/storage/assets/dc22fed4-6c25-4575-b07d-384f14d428cf.png,2550615,public
tutorial-web-app/storage/assets/df4859d4-0174-44d7-8399-3e606b73ce6e.png,https://godot-forge.sgp1.digitaloceanspaces.com/2d-game-development/tutorial-web-app/storage/assets/df4859d4-0174-44d7-8399-3e606b73ce6e.png,1390014,public
tutorial-web-app/storage/assets/ea1aa6bc-0ee0-455f-abe8-4fc86646cc8c.png,https://godot-forge.sgp1.digitaloceanspaces.com/2d-game-development/tutorial-web-app/storage/assets/ea1aa6bc-0ee0-455f-abe8-4fc86646cc8c.png,3260292,public
tutorial-web-app/storage/assets/f00569ae-2386-4d2e-94d8-d31ae5fc8d68.png,https://godot-forge.sgp1.digitaloceanspaces.com/2d-game-development/tutorial-web-app/storage/assets/f00569ae-2386-4d2e-94d8-d31ae5fc8d68.png,217687,public
tutorial-web-app/storage/story-voices/4cdd5c52204341c961b437229f0181b0508c1ff67da1089f33b00c9affdf7da5.mp3,https://godot-forge.sgp1.digitaloceanspaces.com/2d-game-development/tutorial-web-app/storage/story-voices/4cdd5c52204341c961b437229f0181b0508c1ff67da1089f33b00c9affdf7da5.mp3,71424,public
tutorial-web-app/storage/story-voices/511468fb9ea4c5f4a92217c069fa3e29fb70c64224de0115ac5757bfb27b4106.mp3,https://godot-forge.sgp1.digitaloceanspaces.com/2d-game-development/tutorial-web-app/storage/story-voices/511468fb9ea4c5f4a92217c069fa3e29fb70c64224de0115ac5757bfb27b4106.mp3,73728,public
tutorial-web-app/storage/story-voices/8dd096ca6deb37bee5c54e76a2aa1722639c667f0a99b7fceecb17d7c58e89a0.mp3,https://godot-forge.sgp1.digitaloceanspaces.com/2d-game-development/tutorial-web-app/storage/story-voices/8dd096ca6deb37bee5c54e76a2aa1722639c667f0a99b7fceecb17d7c58e89a0.mp3,82560,public
tutorial-web-app/storage/story-voices/ab41c3c854019f70b6ee7c6c754e0c79ed07a96de14a3c4a5f352d1a139617bb.mp3,https://godot-forge.sgp1.digitaloceanspaces.com/2d-game-development/tutorial-web-app/storage/story-voices/ab41c3c854019f70b6ee7c6c754e0c79ed07a96de14a3c4a5f352d1a139617bb.mp3,73728,public
tutorial-web-app/storage/story-voices/bd4e12c353d728c90e06110f6e07181d4b336672fdd4cbe3ec8300dc48788aa2.mp3,https://godot-forge.sgp1.digitaloceanspaces.com/2d-game-development/tutorial-web-app/storage/story-voices/bd4e12c353d728c90e06110f6e07181d4b336672fdd4cbe3ec8300dc48788aa2.mp3,73728,public
tutorial-web-app/storage/story-voices/dfeeadd24e52c0b9d524578b14b5128cf22b92e92a3ffa9392905a5c5773c1e8.mp3,https://godot-forge.sgp1.digitaloceanspaces.com/2d-game-development/tutorial-web-app/storage/story-voices/dfeeadd24e52c0b9d524578b14b5128cf22b92e92a3ffa9392905a5c5773c1e8.mp3,77568,public
tutorial-web-app/storage/story-voices/ff242ce514d3e121b99fe9a52fad18e3377a8280d3560b641b3099438f9d964b.mp3,https://godot-forge.sgp1.digitaloceanspaces.com/2d-game-development/tutorial-web-app/storage/story-voices/ff242ce514d3e121b99fe9a52fad18e3377a8280d3560b641b3099438f9d964b.mp3,81792,public
tutorial-web-app/test-results/emberSage-movement.png,https://godot-forge.sgp1.digitaloceanspaces.com/2d-game-development/tutorial-web-app/test-results/emberSage-movement.png,31880,public
tutorial-web-app/test-results/live-custom-walk-run.png,https://godot-forge.sgp1.digitaloceanspaces.com/2d-game-development/tutorial-web-app/test-results/live-custom-walk-run.png,331746,public
tutorial-web-app/test-results/moonScout-movement.png,https://godot-forge.sgp1.digitaloceanspaces.com/2d-game-development/tutorial-web-app/test-results/moonScout-movement.png,36991,public
tutorial-web-app/test-results/stormWarden-movement.png,https://godot-forge.sgp1.digitaloceanspaces.com/2d-game-development/tutorial-web-app/test-results/stormWarden-movement.png,32972,public
